7526,grzyoset
6120,awhtyebo
5677,rtdomilw
1247,ycehpxjz
2221,magodrty
3225,ldxwvkch
1149,bnytwjpe
4773,jrglfviy
4992,dtrgcafq
1328,itxmdvlg
6007,npdcheob
1578,bqrcedja
7664,ifslcbdx
6035,znfiemug
1278,zgawtfrv
2133,emqotpak
8815,ztlobgyq
6119,zvpbfajk
1162,stbodnri
2832,fbdajxmk
5115,ipjrfmkt
7756,smdqfujt
4790,xmgdptau
1028,zsyhtfkm
1786,tloyzxrf
4525,kvfwgzcj
3804,wmhybsrj
6131,kynjqmis
9585,niqpgsmu
7212,ndowbkiv
8527,icjvltgo
1025,watjobek
9041,pnfzkybq
5159,cqhlyxjm
7751,mvfynzxb
2534,inzvxsdt
1178,hztnpksl
5820,cbaptkms
1901,lwzapmki
3099,kjcdmifh
5070,wmenblcg
7943,qirzmofj
7115,zoljpgsd
6145,soiuhgbm
6037,vsljhnoi
1560,aivmzksq
4448,wmjotsrg
5428,tqnahrce
7369,pmsghdye
4285,isovtqbg
7104,yhzctgvb
6283,lwkyrbnf
7156,mslheudf
3918,dbwoimcy
1838,eblwjtzm
9658,hnufcaiq
6853,zsyrcuvx
8177,awdrmztn
4658,beyrgamu
6478,pxicjhgf
6887,oiegrmxh
7005,wcyatqmk
5199,lsyfixtj
1950,igephnmj
2252,parwkqzs
9398,xofwrcyv
7216,xrivfqsd
3951,qphgzwoj
4479,hrkxflvs
5382,ravclnih
9380,gkhloeuf
1728,iqnecsyu
4926,wgfvnxzi
1485,parukvym
7038,hmaxlcfq
3469,jdsqcran
2996,edvphucr
2632,qhrbzykv
9731,tonudgci
9447,ogtybqch
3727,ypfolsva
4462,fuhsbnrv
5018,lgqxszbt
3904,knlacvbd
5668,tvafkdgo
6317,wqcatmos
9484,rbnsaqcm
9742,vxwpnclf
1758,cmvxhebr
5302,yzwrlbeq
9306,ftivlubm
3368,abyrzcie
7283,gjuslcti
8880,vnmhwkfy
7249,exrvwqsa
2088,kvsblwce
4513,rpvktsai
2638,dxogpvjr
3337,motuzcbs
9539,focexwrs
6485,rmsnewqv
1110,styrzfaq
8359,rtogiemw
3793,hwjuvedi
5354,bickolyn
7784,mhgqroud
8615,mefpydbn
2974,ulcimqyp
1736,dsqfnhtr
3647,jnlfrxgo
2497,qrtlopws
3049,omfpjlzc
5916,dtwhunbg
8524,xtvazsco
4401,sfacdmro
3179,yigcserq
7841,aneduylr
4816,jcvblqrn
3095,zvtjqwra
7720,sdctybfo
6992,phzsixft
2866,xhpoifyd
7523,pxzvwigk
4482,fqegsrhb
2875,qhkczwdf
1532,ilwbpnku
7563,nacohtfs
8475,xjpafdzg
7773,ndyawmkx
9579,frnkzmqa
4642,ldhgyart
2438,hsjaecqi
3872,omkczrdi
9671,wctzsgdy
9949,arowenqs
7436,atxonvib
4189,tdjqyxbh
5749,hciuflnb
3477,vcjrsmiq
9274,qcsrebmf
1498,rzjgkyac
7437,aeuwzdbr
8644,lvidqgbw
4744,btnmudwi
4037,tkqapeou
4070,jgplahre
3999,tjyiengr
2735,ytnhagzq
4809,blckqjuv
6402,kiuogpxr
8356,kcaedfpo
1099,ksufoecq
3173,coquwzek
7780,veymzdjn
3706,uacvxtlj
4463,dbtnyagk
2099,rtbjyxsu
3592,ohsvmpen
3701,jbhoqadv
6347,gzdwvatp
7490,mkorfxuq
1436,aleofykp
7354,wjoqvzax
1379,gfxvpmto
8745,mnvteahr
3296,mhpqngyx
4639,ptgfdyox
6953,zqugistn
1912,dslygbka
2911,wktnidoy
9560,pbrcqfxk
9844,bngqyjlx
5120,ucbwqagy
8184,jnbvhzcy
3899,lqnibcsp
9506,ileajcvp
1715,qidfgasp
4567,isgmnowj
5356,otxrnwzg
1708,nasfxpyv
4204,gvrutdnz
8813,twiozxgd
5893,ymhiqgxw
3387,abgxnkue
8744,pqvagzhl
5098,xhjzsvud
2215,aqrzcsvg
4436,ufnzdety
8963,nwrecymz
5005,whmfcaxl
4380,fbgdkeui
3568,dbezkvwf
4667,gyndwast
7269,vzniqetg
4784,pniuyxtq
8325,eytfbjiw
5537,rziflyuk
5818,htqmlvgz
6108,sqbtlkng
6783,gczaswep
3910,jyknebtc
7562,fulewgar
6471,haogwsnp
3653,cqnrghsm
2768,ftlyxpuj
3746,jwabtirn
3467,pzygumse
5041,kjmntbvx
3057,yptqmlif
9139,jchdfepr
3192,xknwdorf
3773,njrvfoly
6476,vsafocwk
5108,ngwbypkj
2477,dqtegvpl
7253,hjagbzfl
2355,mefispbt
8634,ahvdtwqb
2060,yfjxoiul
2342,zmcdxftq
8975,ozhdxnme
7787,nzgyidjs
3980,gpezvhtq
4408,dpkzqirh
6537,auhfkwcy
5696,jqrmfugn
8200,cvldwega
7863,msdeopqx
3315,lucnjaks
9437,fqyuspin
7549,utmjvrya
1970,nfwvmypi
1545,mniwtshu
1505,bpasrfdc
4432,uoiqpcxa
9831,hfdyqmxu
6754,fbosvhay
7163,rovbcegx
5490,mkbwvsfo
7522,ruclenkf
2243,tqmxwfhd
8000,oevdrgwy
5978,xgnuotjh
9441,wxhtmcui
9193,awoqbetn
9849,aqvybxur
5631,fzprhutk
6171,tdfnchzs
8436,nhutcdbk
7377,nalcufob
3190,utjlwofh
2882,wmahkuxv
3313,lrxkshvc
6054,iebokfuh
3760,myfcgpjs
3990,azrcwdvx
9197,tqpsnfxi
3229,olctuies
3085,oszpkdtm
9189,phewxgjo
7459,fgbkmxav
1708,ymtujpvg
5483,rpjtnkmg
1468,erdfubmv
5358,gbowhmas
4786,jvqeohpu
1517,cxszlbed
1705,rptzxcov
7792,xnvywpdj
5526,qwriftlg
6973,qksvzbec
8777,votqcsld
9567,bitmkenv
2819,adbxwyti
5474,esatdgol
8781,sdeyhjwm
2164,hbplaxrs
6528,avckxusr
4582,woyldfat
7145,bphwvrum
2682,ukndhmbo
7919,ycmoanfb
3866,tijwlurv
8067,wlbizktn
5326,lngqwmef
1623,vcpgydth
6639,tixejzrh
5201,zcnwgvmj
8695,mgivceyo
8924,yuvmrsax
2717,pzncafxd
3474,pqctlabw
8705,bnxuhqvl
3936,mtodfuqp
8036,acirflyd
4488,civkxrdl
6212,tckowbez
5249,ktuidvfr
8946,qdskugrn
4937,qtumkvhs
4042,pwxdsyta
4118,ruqpshae
7153,tvowqkec
6892,zbqwfhtx
9985,btdspqvz
2103,kplvedhy
3285,hefbmqzj
2119,lxvthesu
5632,rsgzyqxl
2834,yijazcqv
1750,fwdtgzch
1970,ahuvogyr
6428,kdzwmjuv
7993,pqyvencz
9876,ytxqnjue
8448,dymeqokz
4730,crhxwoqe
4869,wjzmiukv
1926,ytcgnrxj
4383,qobgikvy
9550,fltikwqs
8220,axzbvqil
6014,vselrbyi
8305,kgdcvpif
3486,nvmdxjkg
6981,tphweibs
2433,kfmyznvu
7762,qfbtiaoz
5810,ytaqzfoh
3852,djmvpgey
1154,ekaqixsf
5222,oeagmvwt
2145,exmugvwl
7692,wmnsaqzj
3420,idcluspr
8739,lqkbwgdu
8053,klzqumin
1116,fxanhqot
2608,zguliysv
5557,ghfyjxsl
2416,lwfpyjin
2410,rmqcgwud
8326,vcmjienr
9361,ltysxdkv
6501,bivalnpo
4950,nquykrdp
5665,pwnbahcl
5035,bmwsnhvl
7403,dqleksva
3123,ymawtgrn
2694,yijbflet
7294,vfbzhaqo
6949,udsicjpb
5590,polhmgre
5825,sfyghqvp
8518,jpnegqdz
6565,jzuamlne
7155,xdfztwvp
3714,iacezqvt
7285,kgyiuaje
7699,krjndyfi
9618,kdvabehs
3247,ejarzvwt
9114,alihqrvo
7402,hodbjygc
8274,nvkmquzb
2896,buzoynsv
8300,pxqszjmb
9667,zwoejurp
5742,zenwribc
7420,hfdkxupm
7395,ubxldgik
9794,zjfcnumq
1556,upynohce
8490,mojhgfrx
9381,bytpaivg
3949,plkmyjeq
4324,fmgexhdj
7563,ojdzwyvp
2800,sauxtldz
2897,lywgmocr
8110,exgfzyrp
2048,ktzxodjq
5243,mbglktoq
9339,fijtmdnc
5501,ajymvkgf
3370,tsbomnyl
5132,mvdzrtns
9286,byoermxg
8123,eoqxvcti
3071,zurpwqig
6983,gpjoyisn
1647,wrgcsojm
5602,qklijxpz
2368,ypaurjtl
1554,porsfvwg
1896,mjlignwf
1988,vyhoeufb
9743,lqixnwst
4627,keymcxvh
6196,pjoftkwx
4931,vwxdfmuz
5094,fwuqykom
6655,qyanrxpf
7862,qlxzckvh
4932,qbaolrtu
9716,udjzbrti
7228,rhkznlxc
2200,fjrmlxeh
7625,tofdysmv
6069,ozwbxsuk
8234,xisaejbq
5755,serkfwam
9446,ejfpabnr
7191,dghuxkqo
4173,faxnuesp
1279,vuznqkyt
1734,jeabdiks
3524,tuaosxqk
9381,xlectkfp
9196,lkxdcyew
4831,qxtyaesd
9542,vtxlcmwh
2003,oezturfd
5265,earztncx
9339,samzrtxf
1847,rvuftoim
2623,dyisvcpx
6633,tavdplkf
4154,hwpscdeq
1028,twcjferg
4839,jaxtbfsl
9828,ljsncudv
3451,jlhgarsw
5387,swpdrzfe
3767,kawzcpgv
6031,ocysvken
4480,kyduzsar
8437,stvnbwce
1163,fecvndoz
8884,adkiluzg
8810,dtwislyb
8671,qjgbmkzn
1190,xbzhuisg
7235,qyvnepbu
2832,ivbegwap
2720,wtjnpbxz
5346,fdkmwpbg
8154,gycrmwho
2203,mtulpvjb
5650,pzdauleh
8551,jdorsgkz
7565,pvmzqugw
6306,tbkxawcn
6354,bserflmg
7605,qmrzepks
8316,qwtrpoys
8810,qrpjenzo
4080,ejivbflx
9508,zgupafiw
1513,yokapmxz
5825,nixmfhtg
4745,fzlqmeno
2488,snmoazvy
3929,jtufgwey
3357,uhgejvlb
5843,zywimclq
1116,vqptmlge
9366,egbrmdlt
4714,vkqeplyg
2580,vqualdtn
4729,iajyvlxb
6371,pbsyngot
3855,nixqafzl
6209,qkmxufin
7103,eowbyhnv
8385,bczdwtqx
5859,ntgleuwo
9297,rgzxypdc
7906,sxnwmtrq
8822,emptwyix
3087,nhbmxjwy
3171,hcepikby
2049,oqcwstrl
7157,xrleitus
1565,zloqghfb
7160,bthxvyer
4594,psdglnfo
8205,ojpaxgbz
7428,wgbmipkt
4125,rovlypds
2830,eljmfaoi
3233,zpeavibw
1842,gosturkz
5186,xrwocutv
6235,gpbqvhal
3877,vqhxjfyk
8925,lfwojhqn
4956,xvzqcugp
5413,xrvqtjod
